{
    "accuracy": 0.623395853899309,
    "precision": 0.7224199288256228,
    "recall": 0.40078973346495556,
    "f1_score": 0.5155555555555555,
    "auc": 0.6889869017676425,
    "loss": 0.7592923045158386,
    "model_accuracy": 0.6233958601951599,
    "confusion_matrix": [
        [
            857,
            156
        ],
        [
            607,
            406
        ]
    ],
    "mask_type_metrics": {
        "random": {
            "count": 393,
            "accuracy": 0.5216284987277354,
            "precision": 0.6785714285714286,
            "recall": 0.09595959595959595,
            "f1_score": 0.168141592920354
        },
        "diagonal": {
            "count": 1032,
            "accuracy": 0.6492248062015504,
            "precision": 0.7106741573033708,
            "recall": 0.494140625,
            "f1_score": 0.5829493087557603
        },
        "right": {
            "count": 103,
            "accuracy": 0.5728155339805825,
            "precision": 0.6052631578947368,
            "recall": 0.4423076923076923,
            "f1_score": 0.5111111111111111
        },
        "left": {
            "count": 101,
            "accuracy": 0.6732673267326733,
            "precision": 0.7272727272727273,
            "recall": 0.37209302325581395,
            "f1_score": 0.49230769230769234
        },
        "top": {
            "count": 152,
            "accuracy": 0.5723684210526315,
            "precision": 0.7096774193548387,
            "recall": 0.28205128205128205,
            "f1_score": 0.4036697247706422
        },
        "bottom": {
            "count": 245,
            "accuracy": 0.710204081632653,
            "precision": 0.8390804597701149,
            "recall": 0.5615384615384615,
            "f1_score": 0.6728110599078341
        }
    }
}