{
    "accuracy": 0.6041461006910168,
    "precision": 0.5824863174354965,
    "recall": 0.7354392892398816,
    "f1_score": 0.650087260034904,
    "auc": 0.6590220519232213,
    "loss": 0.700173020362854,
    "model_accuracy": 0.6041461229324341,
    "confusion_matrix": [
        [
            479,
            534
        ],
        [
            268,
            745
        ]
    ],
    "mask_type_metrics": {
        "top": {
            "count": 152,
            "accuracy": 0.631578947368421,
            "precision": 0.61,
            "recall": 0.782051282051282,
            "f1_score": 0.6853932584269663
        },
        "diagonal": {
            "count": 1032,
            "accuracy": 0.6337209302325582,
            "precision": 0.597667638483965,
            "recall": 0.80078125,
            "f1_score": 0.6844741235392321
        },
        "right": {
            "count": 103,
            "accuracy": 0.5825242718446602,
            "precision": 0.5584415584415584,
            "recall": 0.8269230769230769,
            "f1_score": 0.6666666666666666
        },
        "bottom": {
            "count": 245,
            "accuracy": 0.6326530612244898,
            "precision": 0.636986301369863,
            "recall": 0.7153846153846154,
            "f1_score": 0.6739130434782609
        },
        "random": {
            "count": 393,
            "accuracy": 0.49363867684478374,
            "precision": 0.49743589743589745,
            "recall": 0.4898989898989899,
            "f1_score": 0.49363867684478374
        },
        "left": {
            "count": 101,
            "accuracy": 0.6435643564356436,
            "precision": 0.5466666666666666,
            "recall": 0.9534883720930233,
            "f1_score": 0.6949152542372882
        }
    }
}