{
    "accuracy": 0.7161895360315893,
    "precision": 0.6766129032258065,
    "recall": 0.8282329713721619,
    "f1_score": 0.7447847314691523,
    "auc": 0.8055408027332729,
    "loss": 0.6557022333145142,
    "model_accuracy": 0.7161895632743835,
    "confusion_matrix": [
        [
            612,
            401
        ],
        [
            174,
            839
        ]
    ],
    "mask_type_metrics": {
        "bottom": {
            "count": 245,
            "accuracy": 0.8163265306122449,
            "precision": 0.8148148148148148,
            "recall": 0.8461538461538461,
            "f1_score": 0.8301886792452831
        },
        "diagonal": {
            "count": 1032,
            "accuracy": 0.7344961240310077,
            "precision": 0.6888888888888889,
            "recall": 0.84765625,
            "f1_score": 0.7600700525394045
        },
        "left": {
            "count": 101,
            "accuracy": 0.6831683168316832,
            "precision": 0.6122448979591837,
            "recall": 0.6976744186046512,
            "f1_score": 0.6521739130434783
        },
        "random": {
            "count": 393,
            "accuracy": 0.628498727735369,
            "precision": 0.5942028985507246,
            "recall": 0.8282828282828283,
            "f1_score": 0.6919831223628692
        },
        "right": {
            "count": 103,
            "accuracy": 0.7475728155339806,
            "precision": 0.7407407407407407,
            "recall": 0.7692307692307693,
            "f1_score": 0.7547169811320755
        },
        "top": {
            "count": 152,
            "accuracy": 0.6578947368421053,
            "precision": 0.6354166666666666,
            "recall": 0.782051282051282,
            "f1_score": 0.7011494252873564
        }
    }
}