{
    "model_type": "svm",
    "kernel": "linear",
    "C": 10.0,
    "accuracy": 0.7759131293188549,
    "precision": 0.7809045226130653,
    "recall": 0.7670286278381047,
    "f1_score": 0.7739043824701195,
    "auc": 0.8434483014006465,
    "confusion_matrix": [
        [
            795,
            218
        ],
        [
            236,
            777
        ]
    ],
    "mask_type_metrics": {
        "diagonal": {
            "count": 1032,
            "accuracy": 0.812015503875969,
            "precision": 0.810546875,
            "recall": 0.810546875,
            "f1_score": 0.810546875
        },
        "bottom": {
            "count": 245,
            "accuracy": 0.8571428571428571,
            "precision": 0.8682170542635659,
            "recall": 0.8615384615384616,
            "f1_score": 0.8648648648648649
        },
        "random": {
            "count": 393,
            "accuracy": 0.6692111959287532,
            "precision": 0.6868131868131868,
            "recall": 0.6313131313131313,
            "f1_score": 0.6578947368421053
        },
        "top": {
            "count": 152,
            "accuracy": 0.75,
            "precision": 0.7631578947368421,
            "recall": 0.7435897435897436,
            "f1_score": 0.7532467532467533
        },
        "right": {
            "count": 103,
            "accuracy": 0.7378640776699029,
            "precision": 0.7551020408163265,
            "recall": 0.7115384615384616,
            "f1_score": 0.7326732673267327
        },
        "left": {
            "count": 101,
            "accuracy": 0.7029702970297029,
            "precision": 0.6382978723404256,
            "recall": 0.6976744186046512,
            "f1_score": 0.6666666666666666
        }
    }
}