{
    "accuracy": 0.6915103652517275,
    "precision": 0.6430678466076696,
    "recall": 0.8608094768015795,
    "f1_score": 0.7361756015196286,
    "auc": 0.7945874412499306,
    "loss": 0.6976271867752075,
    "model_accuracy": 0.6915103793144226,
    "confusion_matrix": [
        [
            529,
            484
        ],
        [
            141,
            872
        ]
    ],
    "mask_type_metrics": {
        "bottom": {
            "count": 245,
            "accuracy": 0.7918367346938775,
            "precision": 0.7615894039735099,
            "recall": 0.8846153846153846,
            "f1_score": 0.8185053380782918
        },
        "random": {
            "count": 393,
            "accuracy": 0.6005089058524173,
            "precision": 0.5659163987138264,
            "recall": 0.8888888888888888,
            "f1_score": 0.6915520628683693
        },
        "right": {
            "count": 103,
            "accuracy": 0.7184466019417476,
            "precision": 0.6949152542372882,
            "recall": 0.7884615384615384,
            "f1_score": 0.7387387387387387
        },
        "diagonal": {
            "count": 1032,
            "accuracy": 0.7170542635658915,
            "precision": 0.6651651651651652,
            "recall": 0.865234375,
            "f1_score": 0.7521222410865874
        },
        "left": {
            "count": 101,
            "accuracy": 0.5841584158415841,
            "precision": 0.5076923076923077,
            "recall": 0.7674418604651163,
            "f1_score": 0.6111111111111112
        },
        "top": {
            "count": 152,
            "accuracy": 0.6447368421052632,
            "precision": 0.6153846153846154,
            "recall": 0.8205128205128205,
            "f1_score": 0.7032967032967034
        }
    }
}