{
    "accuracy": 0.571076011846002,
    "precision": 0.5612244897959183,
    "recall": 0.6515301085883515,
    "f1_score": 0.6030150753768844,
    "auc": 0.6011490310075631,
    "loss": 0.7728375196456909,
    "model_accuracy": 0.5710760354995728,
    "confusion_matrix": [
        [
            497,
            516
        ],
        [
            353,
            660
        ]
    ],
    "mask_type_metrics": {
        "bottom": {
            "count": 245,
            "accuracy": 0.6081632653061224,
            "precision": 0.6370967741935484,
            "recall": 0.6076923076923076,
            "f1_score": 0.6220472440944882
        },
        "left": {
            "count": 101,
            "accuracy": 0.5643564356435643,
            "precision": 0.4925373134328358,
            "recall": 0.7674418604651163,
            "f1_score": 0.6
        },
        "diagonal": {
            "count": 1032,
            "accuracy": 0.5872093023255814,
            "precision": 0.5669781931464174,
            "recall": 0.7109375,
            "f1_score": 0.6308492201039861
        },
        "top": {
            "count": 152,
            "accuracy": 0.5460526315789473,
            "precision": 0.5584415584415584,
            "recall": 0.5512820512820513,
            "f1_score": 0.5548387096774193
        },
        "random": {
            "count": 393,
            "accuracy": 0.5089058524173028,
            "precision": 0.5125628140703518,
            "recall": 0.5151515151515151,
            "f1_score": 0.5138539042821159
        },
        "right": {
            "count": 103,
            "accuracy": 0.6019417475728155,
            "precision": 0.582089552238806,
            "recall": 0.75,
            "f1_score": 0.6554621848739496
        }
    }
}